date,Party,death,death_population_1000000,death_previous7_avg,death_previous7_avg_population_1000000,positive,positive_population_1000000,positive_previous7_avg,positive_previous7_avg_population_1000000
2020-01-22,Democratic,,,,,2.0,0.26264321770509447,,
2020-01-23,Democratic,,,,,2.0,0.26264321770509447,,
2020-01-24,Democratic,,,,,2.0,0.26264321770509447,,
2020-01-25,Democratic,,,,,2.0,0.26264321770509447,,
2020-01-26,Democratic,,,,,2.0,0.26264321770509447,,
2020-01-27,Democratic,,,,,2.0,0.26264321770509447,,
2020-01-28,Democratic,,,0.0,0.0,2.0,0.26264321770509447,0.0,0.0
2020-01-29,Democratic,,,0.0,0.0,3.0,0.3939648265576417,0.14285714285714285,0.018760229836078175
2020-01-30,Democratic,,,0.0,0.0,3.0,0.3939648265576417,0.14285714285714285,0.018760229836078175
2020-01-31,Democratic,,,0.0,0.0,3.0,0.3939648265576417,0.14285714285714285,0.018760229836078175
2020-02-01,Democratic,,,0.0,0.0,4.0,0.5252864354101889,0.2857142857142857,0.03752045967215635
2020-02-02,Democratic,,,0.0,0.0,6.0,0.7879296531152834,0.5714285714285714,0.0750409193443127
2020-02-03,Democratic,,,0.0,0.0,7.0,0.9192512619678307,0.7142857142857143,0.0938011491803909
2020-02-04,Democratic,,,0.0,0.0,8.0,1.0505728708203779,0.8571428571428571,0.11256137901646905
2020-02-05,Democratic,,,0.0,0.0,8.0,1.0505728708203779,0.7142857142857143,0.0938011491803909
2020-02-06,Democratic,,,0.0,0.0,11.0,1.4445376973780195,1.1428571428571428,0.1500818386886254
2020-02-07,Democratic,,,0.0,0.0,12.0,1.5758593062305668,1.2857142857142858,0.16884206852470363
2020-02-08,Democratic,,,0.0,0.0,13.0,1.707180915083114,1.2857142857142858,0.16884206852470363
2020-02-09,Democratic,,,0.0,0.0,13.0,1.707180915083114,1.0,0.13132160885254723
2020-02-10,Democratic,,,0.0,0.0,16.0,2.1011457416407557,1.2857142857142858,0.16884206852470363
2020-02-11,Democratic,,,0.0,0.0,17.0,2.2324673504933035,1.2857142857142858,0.16884206852470363
2020-02-12,Democratic,,,0.0,0.0,18.0,2.3637889593458503,1.4285714285714286,0.1876022983607818
2020-02-13,Democratic,,,0.0,0.0,18.0,2.3637889593458503,1.0,0.13132160885254723
2020-02-14,Democratic,,,0.0,0.0,21.0,2.757753785903492,1.2857142857142858,0.16884206852470363
2020-02-15,Democratic,,,0.0,0.0,28.0,3.6770050478713228,2.142857142857143,0.28140344754117264
2020-02-16,Democratic,,,0.0,0.0,35.0,4.596256309839153,3.142857142857143,0.41272505639371987
2020-02-17,Democratic,,,0.0,0.0,50.0,6.566080442627363,4.857142857142857,0.6378478144266579
2020-02-18,Democratic,,,0.0,0.0,59.0,7.747974922300286,6.0,0.7879296531152834
2020-02-19,Democratic,,,0.0,0.0,69.0,9.061191010825759,7.285714285714286,0.956771721639987
2020-02-20,Democratic,,,0.0,0.0,82.0,10.768371925908873,9.142857142857142,1.2006547095090032
2020-02-21,Democratic,,,0.0,0.0,93.0,12.212909623286892,10.285714285714286,1.350736548197629
2020-02-22,Democratic,,,0.0,0.0,106.0,13.920090538370008,11.142857142857142,1.4632979272140978
2020-02-23,Democratic,,,0.0,0.0,122.0,16.02123628001076,12.428571428571429,1.6321399957388014
2020-02-24,Democratic,,,0.0,0.0,148.0,19.435598110176993,14.0,1.8385025239356614
2020-02-25,Democratic,,,0.0,0.0,179.0,23.506567984605955,17.142857142857142,2.251227580329381
2020-02-26,Democratic,2.0,0.26264321770509447,0.2857142857142857,0.03752045967215635,208.0,27.314894641329825,19.857142857142858,2.607671947214867
2020-02-27,Democratic,2.0,0.26264321770509447,0.2857142857142857,0.03752045967215635,235.0,30.860578080348603,21.857142857142858,2.870315164919961
2020-02-28,Democratic,4.0,0.5252864354101889,0.5714285714285714,0.0750409193443127,275.0,36.11344243445049,26.0,3.414361830166228
2020-02-29,Democratic,5.0,0.6566080442627362,0.7142857142857143,0.0938011491803909,299.0,39.26516104691162,27.571428571428573,3.620724358363088
2020-03-01,Democratic,8.0,1.0505728708203779,1.1428571428571428,0.1500818386886254,129.33333333333334,17.432453839488264,36.42857142857143,4.783858608199935
2020-03-02,Democratic,11.0,1.4445376973780195,1.5714285714285714,0.20636252819685993,156.66666666666666,20.92834113046425,43.142857142857146,5.66558941049561
2020-03-03,Democratic,14.0,1.8385025239356614,2.0,0.26264321770509447,190.0,25.13938139415305,50.714285714285715,6.6598815918077525
2020-03-04,Democratic,16.0,2.1011457416407557,2.0,0.26264321770509447,83.11111111111111,10.249547072894742,59.714285714285715,7.841776071480678
2020-03-04,Republican,,,,,1.5,0.34360857746423945,,
2020-03-05,Democratic,10.0,1.3132160885254724,2.5714285714285716,0.33768413704940725,63.785714285714285,7.879994316556079,70.85714285714286,9.305073998694777
2020-03-05,Republican,,,,,1.7,0.253400093856203,,
2020-03-06,Democratic,13.0,1.707180915083114,3.142857142857143,0.41272505639371987,51.25,6.260525528520669,76.85714285714286,10.09300365181006
2020-03-06,Republican,0.0,0.0,,,1.625,0.21588124665639274,,
2020-03-07,Democratic,13.5,1.7728417195093877,1.0476190476190477,0.13757501879790662,49.0,5.892962388435226,34.904761904761905,4.445703440796203
2020-03-07,Republican,0.0,0.0,,,1.84,0.3005802305053723,,
2020-03-08,Democratic,10.333333333333334,1.3569899581429878,1.0952380952380951,0.143828428743266,59.28,7.108366401683258,40.38095238095239,5.105436049490116
2020-03-08,Republican,0.0,0.0,,,2.24,0.3929442487881851,,
2020-03-09,Democratic,11.666666666666666,1.532085436613051,1.1428571428571428,0.1500818386886254,72.96,8.631267014784134,48.80952380952382,6.136623572440036
2020-03-09,Republican,0.0,0.0,,,3.24,0.5608951883003174,,
2020-03-10,Democratic,12.333333333333334,1.6196331758480829,0.36507936507936506,0.04794280958108867,89.64,10.743393392629663,24.238095238095237,2.7196986339598346
2020-03-10,Republican,0.0,0.0,0.0,0.0,4.2,0.7282565715574074,1.357142857142857,0.14281315138951126
2020-03-11,Democratic,10.25,1.3413623002142565,0.25510204081632654,0.033309218971594584,108.8,13.033426372060791,19.479591836734695,2.2453347936447883
2020-03-11,Republican,1.0,0.04655984007998608,0.02857142857142857,0.0013302811451424592,6.12,1.2488784558539654,1.5428571428571431,0.18941203448165558
2020-03-12,Democratic,9.8,1.1983940265483775,0.20714285714285713,0.024039556826363877,133.52,16.665081710866296,17.271428571428572,2.1299072644571506
2020-03-12,Republican,1.0,0.04655984007998608,0.017857142857142856,0.0008314257157140371,8.346153846153847,1.9297660030096817,1.5357142857142854,0.28341808735592955
2020-03-13,Democratic,10.4,1.277186991859906,0.14857142857142858,0.01698041788076172,170.4,21.0636842072234,18.48,2.289573234722965
2020-03-13,Republican,0.6,0.037460898635820236,0.01714285714285714,0.0010703113895948638,12.307692307692308,2.705006066945223,1.5371428571428571,0.3598540627438982
2020-03-14,Democratic,7.5,0.9596576388121201,0.18857142857142853,0.02360901526558963,202.12,24.782907267133588,21.874285714285715,2.6985635540997657
2020-03-14,Republican,0.5714285714285714,0.033409190465583896,0.022857142857142857,0.0013363676186233559,17.0,3.5517559011156976,2.0457142857142854,0.45324520593207246
2020-03-15,Democratic,6.7272727272727275,0.8730931364363177,0.2457142857142857,0.031617455007831606,243.84,29.78102977587364,26.365714285714283,3.2389519105986255
2020-03-15,Republican,0.5,0.028042417333907332,0.028571428571428567,0.0016024238476518475,25.0,5.195108172423029,3.0285714285714294,0.662650029142325
2020-03-16,Democratic,7.583333333333333,0.9509008593854622,0.31999999999999995,0.038940308587350814,298.96,36.60429198835443,32.28571428571429,3.996146424795756
2020-03-16,Republican,0.75,0.07950013286744452,0.05142857142857142,0.005451437682339052,32.0,6.58608441875943,3.7371428571428584,0.8179574472041629
2020-03-17,Democratic,8.0,0.9752725124831597,0.42857142857142855,0.05025666084125707,434.12,50.88949942851018,49.21142857142857,5.735158005125788
2020-03-17,Republican,0.9166666666666666,0.07494446959452862,0.06285714285714285,0.005139049343624818,40.88461538461539,8.73700044175965,4.8,1.0962031235104026
2020-03-18,Democratic,8.5625,1.0526757830719773,0.5485714285714286,0.06558493330454061,542.8,63.271417422898104,62.00000000000001,7.176855864405328
2020-03-18,Republican,1.2,0.18211635077683738,0.08791208791208789,0.014497942755453784,58.23076923076923,11.966766258197087,7.434065934065935,1.5316114281392952
2020-03-19,Democratic,9.5,1.1582223561117848,0.6971428571428571,0.0848916130129728,706.24,78.9794009274348,81.81714285714287,8.902045602366933
2020-03-19,Republican,1.8823529411764706,0.24830555933653442,0.1648351648351648,0.022681729827258863,80.53846153846153,16.281221420829233,10.313186813186812,2.0502079168313645
2020-03-20,Democratic,11.894736842105264,1.4684779609824878,0.9942857142857142,0.1229436931392442,922.0,99.92690214735757,107.37142857142855,11.266173991447738
2020-03-20,Republican,2.3,0.43740804156043145,0.23626373626373634,0.04703767218697544,113.23076923076923,22.95569346374649,14.417582417582414,2.89295534240018
2020-03-21,Democratic,13.8,1.7049047942778877,1.2342857142857142,0.15097619871463308,1152.2,119.74259842462288,135.7257142857143,13.565670165355609
2020-03-21,Republican,2.9,0.5078535182936823,0.29670329670329676,0.05452311006931076,156.26923076923077,30.736206030738806,19.895604395604398,3.8834928756604423
2020-03-22,Democratic,19.9,2.2305339249770135,1.8514285714285712,0.20003802284994734,1475.12,148.9294645347776,175.89714285714282,17.021204965557708
2020-03-22,Republican,3.6363636363636362,0.5992996190526064,0.41208791208791207,0.07090201893306741,201.34615384615384,40.17581443824728,25.192307692307686,4.997243752260606
2020-03-23,Democratic,23.75,2.8517557073334703,2.194285714285714,0.26071030762310776,1871.36,184.7835626590951,224.6285714285714,21.168467238677234
2020-03-23,Republican,4.478260869565218,0.8820768979909488,0.5164835164835164,0.1062294893372664,259.61538461538464,50.19315659540735,32.51648351648352,6.229581739521133
2020-03-24,Democratic,33.65,3.8024286278427724,3.2057142857142855,0.3565414707548069,2228.2,218.58973399471128,256.2971428571429,23.957176366600162
2020-03-24,Republican,5.791666666666667,1.173261427208159,0.7032967032967032,0.1497743989992389,325.0,62.551722822818235,40.58791208791209,7.687817483008369
2020-03-25,Democratic,41.19047619047619,4.601056668841757,4.16,0.45588215723728703,2621.96,259.0036016217137,297.02285714285716,27.9617405998308
2020-03-25,Republican,7.28,1.4785142004568512,0.9010989010989009,0.18808302060312482,440.84615384615387,82.0436526847465,54.65934065934065,10.010983775221346
2020-03-26,Democratic,53.95238095238095,5.967080486758125,5.497142857142856,0.5969182160680484,3181.36,313.26722691832225,353.58857142857136,33.46968942726965
2020-03-26,Republican,9.36,1.8145260514769586,1.1098901098901097,0.2260547075725433,581.2307692307693,105.38850123296501,71.52747252747253,12.729611401733685
2020-03-27,Democratic,66.45454545454545,7.340098279842487,7.062857142857142,0.7633204622735282,3779.84,371.0388776556642,408.26285714285723,38.73028221547237
2020-03-27,Republican,11.923076923076923,2.2331682600427523,1.4505494505494505,0.27095721939507106,737.3461538461538,132.37696542080838,89.15934065934064,15.63161027958027
2020-03-28,Democratic,82.8695652173913,8.907766062607568,9.314285714285713,0.9758887060252358,4382.72,429.9608262700299,461.5028571428571,44.316889692200995
2020-03-28,Republican,15.538461538461538,3.007395852745399,1.9010989010989015,0.3738199000302569,915.1153846153846,160.2246952910206,108.40659340659342,18.498355608611682
2020-03-29,Democratic,98.125,10.364225338238283,11.182857142857141,1.1664613121038772,5016.24,495.89499519511594,505.87428571428575,49.566504380048336
2020-03-29,Republican,18.26923076923077,3.38973801160224,2.1703296703296706,0.4118054762774773,1060.8076923076924,184.60441288633805,122.78021978021977,20.63265692115582
2020-03-30,Democratic,118.79166666666667,12.591099058403758,13.577142857142853,1.400864361457262,5697.64,570.3312111116712,546.6114285714285,55.078235493225165
2020-03-30,Republican,21.807692307692307,4.057233461333774,2.5494505494505497,0.4681335238510239,1245.6538461538462,215.26385192855463,140.8626373626374,23.581527904735317
2020-03-31,Democratic,149.29166666666666,15.804953478059415,16.62857142857143,1.732973205237546,6448.04,648.8348191853904,602.8342857142857,61.46358359866845
2020-03-31,Republican,27.76923076923077,4.992849138240812,3.2032967032967035,0.5585483700069521,1470.9615384615386,249.9118885148884,163.70879120879124,26.765737956010028
2020-04-01,Democratic,176.6,18.536477186102815,20.28571428571429,2.0959413691822486,7224.64,735.6025518005548,657.5257142857142,68.08556431126297
2020-04-01,Republican,34.46153846153846,6.182361236939837,3.9230769230769225,0.6801018524671127,1713.2307692307693,292.4186255527789,181.7692307692308,30.05356755257605
2020-04-02,Democratic,215.48,22.386055260691865,24.308571428571426,2.4819582359735777,8077.64,831.1363198193848,699.4685714285713,73.98129898586608
2020-04-02,Republican,42.07692307692308,7.191281607502855,4.7252747252747245,0.7780778599348915,1968.1153846153845,333.0988707756769,198.12637362637363,32.530052791815976
2020-04-03,Democratic,259.08,26.621223404314318,28.657142857142862,2.8802767025789904,9059.08,936.2100997328287,754.1771428571429,80.7387460110235
2020-04-03,Republican,49.46153846153846,8.07976856856314,5.362637362637362,0.8352286155029126,2250.423076923077,380.8221122113809,216.15384615384616,35.49216382722465
2020-04-04,Democratic,310.08,31.710911951203748,33.40571428571428,3.35939531051497,10087.88,1053.6620760768428,815.0228571428571,89.10017854383041
2020-04-04,Republican,57.30769230769231,9.465218309308671,5.967032967032965,0.9225460652233243,2536.846153846154,427.80693721498795,231.67582417582415,38.22603456056678
2020-04-05,Democratic,354.24,36.02789162225655,37.14857142857143,3.725462185363972,10860.88,1136.5183910478422,834.9485714285714,91.51762797896093
2020-04-05,Republican,66.26923076923077,10.935855218238878,6.857142857142855,1.0780167438052346,2774.576923076923,468.0588074320195,244.8241758241758,40.49348493509732
2020-04-06,Democratic,397.6,40.00305585315851,40.50857142857143,3.9879429652987013,11755.8,1243.8607874698955,865.4514285714287,96.21851090831777
2020-04-06,Republican,75.3076923076923,12.344520163334218,7.642857142857143,1.183898100285778,3025.5,507.0957530125289,254.26373626373623,41.69027158342494
2020-04-07,Democratic,462.52,46.40210397854617,45.599999999999994,4.461335519944162,12635.72,1354.6144736368449,883.9542857142857,100.82566492163635
2020-04-07,Republican,90.57692307692308,14.404759205022527,8.972527472527473,1.3445585809688168,3359.0,555.9954494395195,269.71978021978026,43.726222989232994
2020-04-08,Democratic,529.64,52.78105330116041,50.43428571428572,4.892082302151086,13525.16,1453.2759494102343,900.0742857142855,102.52477108709712
2020-04-08,Republican,103.42307692307692,16.51376729508199,9.851648351648352,1.4759151511631652,3676.0,605.9567087454697,280.39560439560444,44.79115474181298
2020-04-09,Democratic,596.48,59.86548646694162,54.428571428571416,5.354204458035678,14558.96,1583.5731881836798,925.9028571428572,107.49098119489926
2020-04-09,Republican,117.38461538461539,18.50419457926499,10.758241758241756,1.616130424537448,4003.1923076923076,659.7568777378258,290.72527472527474,46.66542956602132
2020-04-10,Democratic,665.08,67.03000810672611,58.0,5.7726835289159695,15557.08,1705.6981394461036,928.2857142857142,109.92686281618218
2020-04-10,Republican,132.3846153846154,20.792761886163323,11.846153846153847,1.8161419025143124,4362.807692307692,716.1539894556931,301.76923076923083,47.90455389204463
2020-04-11,Democratic,732.52,73.90418474557659,60.34857142857143,6.027610399196117,16455.44,1809.1861879895616,909.6514285714286,107.9320159875313
2020-04-11,Republican,146.46153846153845,22.911650375820596,12.736263736263737,1.9209188666445607,4671.846153846154,766.008434536897,304.99999999999994,48.31449961741562
2020-04-12,Democratic,790.6,79.5868015529478,62.33714285714287,6.222701418670178,17253.0,1898.2003880655254,913.1599999999999,108.81171385966891
2020-04-12,Republican,156.1153846153846,24.509006553580168,12.835164835164838,1.9390216193344687,4971.692307692308,814.9209567638719,313.87362637362634,49.55173561883611
2020-04-13,Democratic,843.0,85.06731620999496,63.62857142857145,6.437751479548064,17973.72,1992.6713892289115,888.2742857142856,106.97294310843084
2020-04-13,Republican,169.0,26.381862789780783,13.384615384615385,2.0053346609209375,5245.115384615385,860.3334701766295,317.08791208791206,50.462531023442885
2020-04-14,Democratic,917.68,93.62274476513085,65.02285714285713,6.74580582665495,18730.96,2084.228731468897,870.7485714285713,104.23060826172171
2020-04-14,Republican,187.19230769230768,29.032945106296875,13.802197802197806,2.089740843039192,5501.961538461538,902.3170222562264,306.1373626373626,49.47451040238674
2020-04-15,Democratic,995.8,103.02222726281822,66.5942857142857,7.177310565951115,19612.08,2187.6668590121894,869.56,104.91298708599355
2020-04-15,Republican,209.73076923076923,32.4031346911805,15.186813186813186,2.2699096280140716,5818.076923076923,957.0626928207171,306.010989010989,50.157997725035344
2020-04-16,Democratic,1066.28,111.35765946388663,67.11428571428571,7.356024713849288,20505.24,2297.462936953042,849.4685714285716,101.9842498241947
2020-04-16,Republican,226.46153846153845,35.06963806715828,15.582417582417586,2.3664919268418987,6145.961538461538,1013.7038020926867,306.1098901098901,50.56384633640869
2020-04-17,Democratic,1131.28,118.59948144616388,66.60000000000001,7.367067619919676,21352.8,2407.3817438383294,827.96,100.2405149131751
2020-04-17,Republican,245.5,37.660003828917255,16.159340659340653,2.4096059918219908,6559.423076923077,1078.9702947404396,313.8021978021977,51.830900754963764
2020-04-18,Democratic,1189.56,125.55456519073304,65.29142857142857,7.378625777879494,22095.44,2491.7727046822565,805.7142857142858,97.51235952752785
2020-04-18,Republican,262.15384615384613,40.1387922970152,16.52747252747253,2.4610202744563727,6918.807692307692,1137.812776316049,320.9945054945056,53.114905968450266
2020-04-19,Democratic,1246.36,131.54593808454445,65.10857142857141,7.42273379022809,22825.44,2589.6732389189633,796.0628571428573,98.78183583620549
2020-04-19,Republican,275.65384615384613,42.137079086099256,17.07692307692308,2.5182960760741575,7269.692307692308,1197.640945115098,328.28571428571433,54.674284050175146
2020-04-20,Democratic,1302.28,139.531163908908,65.61142857142858,7.780549671273294,23540.28,2704.2950338632154,795.2228571428573,101.66052066204327
2020-04-20,Republican,291.11538461538464,44.553921469979244,17.445054945054952,2.596008382885496,7575.923076923077,1248.7214440830362,332.97252747252736,55.483996272343816
2020-04-21,Democratic,1378.68,148.35405532105267,65.85714285714285,7.818758650845976,24256.16,2802.3128391404985,789.3142857142859,102.583443953086
2020-04-21,Republican,312.5,48.02954917349866,17.901098901098898,2.713800581028827,7898.576923076923,1305.171238096806,342.3736263736263,57.55060226293988
2020-04-22,Democratic,1442.04,157.2009118642254,63.74857142857143,7.739812085915313,25113.6,2925.223000044194,785.9314285714286,105.36516300457203
2020-04-22,Republican,332.15384615384613,50.803319827040745,17.48901098901099,2.628597876551467,8200.961538461539,1353.0617321432999,340.41208791208794,56.571291331797546
2020-04-23,Democratic,1492.24,164.41821043030643,60.85142857142857,7.580078709488543,25981.76,3038.884106105243,782.36,105.91730987888587
2020-04-23,Republican,352.8076923076923,54.166737897106565,18.049450549450555,2.7281571185640394,8588.615384615385,1418.7487255556164,348.9505494505495,57.86356049470419
2020-04-24,Democratic,1549.8,171.71979057190845,59.78857142857143,7.588615589392085,26899.56,3155.4467051082333,792.3942857142856,106.86642303855763
2020-04-24,Republican,370.11538461538464,56.74322103483745,17.8021978021978,2.7261738865600265,9006.384615384615,1492.4474449731524,349.5659340659341,59.06816431895896
2020-04-25,Democratic,1608.16,179.6319585583085,59.79999999999999,7.725341909653647,27925.4,3275.7850762240123,832.8514285714285,112.00176736310806
2020-04-25,Republican,381.15384615384613,58.51372045465216,17.0,2.624989736805279,9399.576923076924,1565.0599726774146,354.3956043956045,61.03531376590933
2020-04-26,Democratic,1647.72,185.26260112682124,57.33714285714285,7.673809006039546,28681.72,3385.967743758977,836.6114285714285,113.75635783428767
2020-04-26,Republican,389.9230769230769,60.07104544711364,16.324175824175825,2.5619951944306223,9722.884615384615,1624.141307662475,350.45604395604397,60.928623221053776
2020-04-27,Democratic,1685.48,190.34187382274533,54.742857142857126,7.258672844833897,29277.4,3457.6495783151245,819.5885714285713,107.62207777884414
2020-04-27,Republican,402.61538461538464,62.02141916116648,15.928571428571425,2.4953568130267465,10018.653846153846,1678.931040611118,348.9615384615385,61.45851378972603
2020-04-28,Democratic,1746.36,197.91112129356904,52.525714285714294,7.0795808532166165,29953.6,3562.652913947357,813.9199999999998,108.62001068669404
2020-04-28,Republican,423.7692307692308,64.92306676440639,15.895604395604396,2.41335965584396,10337.961538461539,1738.0104703067868,348.4835164835165,61.83417602999734
2020-04-29,Democratic,1818.44,206.85171976835514,53.77142857142857,7.092972557732822,30675.24,3659.972593619524,794.52,104.9642276536188
2020-04-29,Republican,458.8076923076923,69.5492026410096,18.093406593406595,2.6779832591384034,10667.346153846154,1801.8346314293087,352.34065934065933,64.11041418371555
2020-04-30,Democratic,1880.32,215.26318266384482,55.44,7.2635674619340564,31486.0,3772.697926291246,786.32,104.83054574085732
2020-04-30,Republican,481.46153846153845,73.34129279524976,18.37912087912088,2.7392221283061704,11020.73076923077,1865.0504446324992,347.44505494505495,63.75738843955468
2020-05-01,Democratic,1931.72,222.25420511044803,54.55999999999999,7.219202076934226,32288.44,3899.5507567081218,769.8400000000001,106.30057879998411
2020-05-01,Republican,500.4230769230769,76.75729523105514,18.615384615384613,2.8591534566025283,11519.153846153846,1953.1232735516996,358.96703296703294,65.81083265407821
2020-05-02,Democratic,1974.88,227.81786272491627,52.38857142857143,6.883700595229667,32989.8,3984.892305770853,723.4857142857144,101.30103279240551
2020-05-02,Republican,519.0,79.65050898320479,19.692307692307693,3.019541218364663,11960.192307692309,2034.0488276312258,365.8021978021977,66.9984078505444
2020-05-03,Democratic,2010.8,233.71547413485902,51.86857142857143,6.921839001148252,33650.88,4079.1740585773496,709.88,99.02947354548174
2020-05-03,Republican,531.7307692307693,81.38288148869927,20.258241758241766,3.0445480059408085,12313.538461538461,2100.04642124992,370.09340659340654,67.98644479820649
2020-05-04,Democratic,2040.36,238.74763600925755,50.69714285714284,6.915108883787467,34201.04,4158.045416757302,703.3771428571429,100.05654834888269
2020-05-04,Republican,543.1538461538462,82.98272453676185,20.076923076923077,2.9944721965136223,12649.5,2164.518152232344,375.8351648351648,69.36958737446085
2020-05-05,Democratic,2111.56,247.66651926228434,52.171428571428585,7.107913995530764,34806.04,4253.295016993386,693.2057142857142,98.66315757800402
2020-05-05,Republican,569.0384615384615,86.66655587548351,20.752747252747252,3.1062127301538727,12928.076923076924,2213.0847855218963,370.0164835164836,67.86775931644408
2020-05-06,Democratic,2161.0,254.4420959930371,48.93714285714285,6.7986251749545685,35425.56,4352.124712466563,678.6171428571428,98.8788741210055
2020-05-06,Republican,596.5384615384615,91.15018745197204,19.67582417582417,3.085854972994634,13294.26923076923,2275.7628501200543,375.2747252747253,67.70403124153518
2020-05-07,Democratic,2250.44,264.12051771832296,52.87428571428572,6.979619293496877,36142.08,4457.249172016074,665.1542857142858,97.79303510354703
2020-05-07,Republican,616.3461538461538,94.60913093683658,19.26923076923077,3.038262591655262,13660.192307692309,2345.6704118097455,377.06593406593396,68.65999531103525
2020-05-08,Democratic,2298.08,271.024907081032,52.33714285714285,6.9672431386548395,36835.12,4562.583144091952,649.5257142857142,94.71891248340425
2020-05-08,Republican,639.5769230769231,97.94612287175133,19.879120879120876,3.0269753772423136,14050.653846153846,2423.244913793537,361.6428571428572,67.16023432026243
2020-05-09,Democratic,2336.68,276.3012582486049,51.685714285714276,6.926199360526953,37435.36,4653.65913183211,635.08,95.53811800875111
2020-05-09,Republican,658.0384615384615,100.79337725983791,19.862637362637365,3.02040975380473,14427.038461538461,2499.4751063526246,352.40659340659334,66.48946838877126
2020-05-10,Democratic,2365.08,280.40779260850815,50.611428571428576,6.670331210521303,37989.52,4733.928296461857,619.8057142857143,93.53631969778685
2020-05-10,Republican,670.5384615384615,102.91056377053145,19.82967032967033,3.0753831831188765,14720.26923076923,2553.652886579192,343.81868131868134,64.80092361846738
2020-05-11,Democratic,2387.08,283.9185346186421,49.53142857142858,6.452985515626364,38435.6,4798.903544159864,604.9371428571429,91.5511610575089
2020-05-11,Republican,683.6153846153846,104.8681178758906,20.06593406593406,3.1264847627326784,14990.384615384615,2602.400350176516,334.4120879120879,62.55459970631033
2020-05-12,Democratic,2427.28,289.27867199556533,45.10285714285715,5.9445932476115715,39002.44,4878.466993493271,599.4857142857142,89.31028235712638
2020-05-12,Republican,702.0384615384615,107.87792655186102,19.000000000000007,3.030195810911072,15315.307692307691,2656.9009122153625,341.03296703296695,63.40230381335237
2020-05-13,Democratic,2473.52,296.43230948279836,44.645714285714284,5.998601927108743,39541.84,4961.32590984122,588.04,87.0287424820936
2020-05-13,Republican,723.1153846153846,111.15156436413594,18.082417582417584,2.8573395588805584,15610.615384615385,2707.1072903413246,330.9065934065933,61.62063431732435
2020-05-14,Democratic,2525.36,303.29595814077214,39.27428571428572,5.596491488921307,40203.16,5059.3214374536865,580.1542857142857,86.01032363394457
2020-05-14,Republican,745.5,114.66618135704432,18.450549450549453,2.8652929171725314,15998.038461538461,2772.9505307429454,333.97802197802196,61.040016990457055
2020-05-15,Democratic,2565.08,309.1572448543761,38.14285714285713,5.447476824763449,40825.28,5150.154857650796,570.0228571428571,83.93881622269217
2020-05-15,Republican,765.0769230769231,117.85369933501737,17.92857142857143,2.8439394947522896,16345.76923076923,2843.504692960135,327.87362637362634,60.037111309513875
2020-05-16,Democratic,2586.52,311.9259909384157,35.691428571428574,5.089247527115833,41394.68,5234.607233484967,565.6171428571429,82.99258595040833
2020-05-16,Republican,782.5,120.33004967898887,17.78021978021978,2.7909532027358512,16746.423076923078,2907.313620238522,331.34065934065933,58.262644840842626
2020-05-17,Democratic,2609.56,315.6695134172796,34.925714285714285,5.037388686967354,41887.32,5303.1711348354465,556.8285714285714,81.32040548194136
2020-05-17,Republican,792.9615384615385,122.29155148522183,17.48901098901099,2.7687125306700624,17046.346153846152,2965.9694058278556,332.2967032967033,58.90235989266632
2020-05-18,Democratic,2633.04,319.4500539408637,35.137142857142855,5.075931331745934,42421.28,5386.058676995818,569.3828571428571,83.87930469085053
2020-05-18,Republican,803.0384615384615,123.73258787838193,17.06043956043956,2.694924286070192,17337.846153846152,3011.75658155304,335.3516483516483,58.47946162521776
2020-05-19,Democratic,2667.56,324.89256764303593,34.325714285714284,5.08769937821008,42900.04,5463.067485277215,556.8000000000001,83.51435596913512
2020-05-19,Republican,820.8461538461538,126.56704006290617,16.972527472527474,2.6698733587207335,17675.884615384617,3072.116795537106,337.2252747252748,59.316554760249126
2020-05-20,Democratic,2702.72,329.650813619573,32.74285714285714,4.745500590967812,43423.88,5540.981391663732,554.5771428571428,82.80792597464477
2020-05-20,Republican,840.8846153846154,129.71366041062564,16.82417582417583,2.6517280066413864,17989.384615384617,3128.9511187930793,339.82417582417577,60.26340406453633
2020-05-21,Democratic,2739.56,334.4715998155292,30.6,4.453663096393861,44067.96,5635.446475904523,552.1142857142856,82.30357692154814
2020-05-21,Republican,859.0384615384615,132.54970632307527,16.219780219780226,2.554789280861566,18387.96153846154,3205.233909227,341.4175824175824,61.75476835486487
2020-05-22,Democratic,2776.48,340.0592029244882,30.2,4.4145654385874655,44673.64,5722.694324226251,549.7657142857142,81.79135236792196
2020-05-22,Republican,875.1538461538462,135.24629672011528,15.725274725274723,2.484656769299699,18745.5,3272.793236648272,342.81868131868134,61.32693481259127
2020-05-23,Democratic,2802.52,344.08474630738425,30.85714285714286,4.594107909852662,45171.84,5788.325273327094,539.5942857142858,79.10257712030361
2020-05-23,Republican,890.9615384615385,137.69723770897096,15.494505494505498,2.4810268614260105,19094.153846153848,3339.2770473948885,335.3901098901099,61.70906102233797
2020-05-24,Democratic,2821.08,346.5359196064629,30.217142857142857,4.409486598454763,45642.4,5844.314734077842,536.4399999999999,77.30622846319943
2020-05-24,Republican,899.2692307692307,139.05132758555644,15.186813186813186,2.394253728619223,19411.5,3397.9701084238554,337.8791208791208,61.714386085142785
2020-05-25,Democratic,2835.68,349.20256652099107,28.948571428571427,4.250358940018209,46118.28,5920.5592397707505,528.1428571428572,76.35722325356171
2020-05-25,Republican,906.6923076923077,140.18825763962812,14.807692307692305,2.350809965892309,19674.19230769231,3443.3412571366785,333.7637362637362,61.6549536548052
2020-05-26,Democratic,2850.64,352.1114447080904,26.154285714285717,3.888411009293498,46539.28,5980.233568274411,519.8914285714286,73.88086899959924
2020-05-26,Republican,917.1538461538462,142.06642818790385,13.758241758241759,2.214198303571098,19906.384615384617,3485.432731059024,318.642857142857,59.045133645988294
2020-05-27,Democratic,2886.16,357.44509354829364,26.205714285714283,3.9706114183886645,46996.96,6040.424492047205,510.44,71.34901434049596
2020-05-27,Republican,933.8461538461538,144.82746146394146,13.280219780219777,2.159114436187974,20209.03846153846,3539.194997391869,317.09340659340666,58.60626837125559
2020-05-28,Democratic,2915.76,361.96441882579745,25.171428571428567,3.927545572895458,47512.72,6103.7547964059595,492.1085714285714,66.90118864306231
2020-05-28,Republican,952.6538461538462,148.04973954229987,13.373626373626374,2.2142904598892286,20578.884615384617,3604.5804508119036,312.98901098901104,57.04950594070053
2020-05-29,Democratic,2946.04,366.5335137641776,24.22285714285714,3.7820444056698914,48049.16,6172.509632657911,482.21714285714285,64.25932977595163
2020-05-29,Republican,969.0384615384615,150.84866336504487,13.412087912087916,2.228909520704233,20961.576923076922,3671.7801849213133,316.58241758241763,56.99813546757718
2020-05-30,Democratic,2971.28,370.36060232525494,24.108571428571427,3.753693716838646,48583.68,6249.320403382854,487.4057142857143,65.85644715082312
2020-05-30,Republican,980.5769230769231,153.0449273310996,12.802197802197803,2.1925270888755217,21358.76923076923,3745.992119888004,323.5164835164835,58.102153213302294
2020-05-31,Democratic,2986.92,372.67144176914286,23.69142857142857,3.7336460232399697,49063.44,6304.550023804935,488.72,65.74789853244172
2020-05-31,Republican,990.5384615384615,154.45735601309946,13.038461538461537,2.200861203934724,21727.5,3805.20001895917,330.85714285714283,58.175701505044955
2020-06-01,Democratic,2998.16,374.3021605431359,23.21142857142857,3.585656288877832,49477.44,6363.510159190348,479.88,63.27870277422821
2020-06-01,Republican,1005.4615384615385,156.81789535573878,14.109890109890111,2.3756625308729555,22110.76923076923,3872.439752035524,348.0824175824175,61.299784985549735
2020-06-02,Democratic,3020.28,377.2951670630122,24.23428571428571,3.597674622131675,49915.24,6416.705147276792,482.2800000000001,62.35308271462581
2020-06-02,Republican,1021.1538461538462,159.24190102436498,14.85714285714286,2.4536389766373117,22455.846153846152,3927.724309971666,364.20879120879124,63.18451127323446
2020-06-03,Democratic,3045.56,380.7723213785206,22.77142857142857,3.332461118603849,50330.56,6474.883826908613,476.2285714285715,62.065619265915466
2020-06-03,Republican,1034.9615384615386,161.4641152635368,14.445054945054947,2.3766648285136203,22834.30769230769,3991.3339063020444,375.03846153846155,64.59127270145382
2020-06-04,Democratic,3069.68,384.26132068569683,21.988571428571433,3.185271694271372,50749.88,6531.725595089881,462.4514285714285,61.138685526274365
2020-06-04,Republican,1046.1153846153845,163.34798974649013,13.351648351648352,2.1854643148843222,23213.76923076923,4054.8907594970556,376.4120879120879,64.33004409787904
2020-06-05,Democratic,3089.32,387.37065677107324,20.468571428571423,2.9767347152708212,51232.88,6593.81962273968,454.817142857143,60.18714144025266
2020-06-05,Republican,1058.9615384615386,165.521402145954,12.846153846153843,2.096105540129869,23643.19230769231,4126.6568119034,383.08791208791206,64.98237528315522
2020-06-06,Democratic,3106.84,389.65553837923653,19.365714285714287,2.7564194362830996,51703.92,6654.5188093670995,445.74857142857144,57.88548656917777
2020-06-06,Republican,1070.076923076923,167.2287007875521,12.785714285714285,2.026253350921784,24067.615384615383,4201.852666753089,386.978021978022,65.12293526644065
2020-06-07,Democratic,3120.08,391.4653384361408,19.02285714285714,2.6848423809997337,52085.04,6701.735955637455,431.65714285714296,56.7408474046457
2020-06-07,Republican,1074.5384615384614,167.95230095642074,12.000000000000002,1.9278492776173133,24422.384615384617,4261.749740518947,384.98351648351644,65.22138879425394
2020-06-08,Democratic,3137.12,394.2618770494348,19.851428571428574,2.8513880723284215,52461.2,6747.897803203652,426.25142857142856,54.912520573329424
2020-06-08,Republican,1083.576923076923,169.63909669724836,11.159340659340662,1.831600191644223,24712.615384615383,4314.046506177006,371.6923076923077,63.08667916306861
2020-06-09,Democratic,3157.36,397.0501541179123,19.582857142857144,2.822141007842886,52796.84,6793.974324610575,411.65714285714296,53.89559676196917
2020-06-09,Republican,1098.8076923076924,171.90255869975616,11.093406593406595,1.8086653821987269,25045.0,4365.599128506978,369.8791208791209,62.55354550504459
2020-06-10,Democratic,3178.28,399.71487076089494,18.96,2.7060784831963236,53155.04,6839.910037955185,403.4971428571429,52.146601578081636
2020-06-10,Republican,1112.7692307692307,174.32425577686342,11.115384615384613,1.8371629304752233,25495.03846153846,4437.929068429143,380.10439560439556,63.79930887529967
2020-06-11,Democratic,3199.6,402.50779890203086,18.560000000000002,2.6066397451905616,53554.84,6887.903654833599,400.7085714285713,50.882579963388416
2020-06-11,Republican,1126.8076923076924,176.43464109155508,11.527472527472527,1.8695216207235654,25957.076923076922,4511.906304937908,391.9010989010988,65.2879350629788
2020-06-12,Democratic,3217.32,405.01224051212705,18.285714285714292,2.5202262487219436,53954.96,6944.043032011598,388.8685714285714,50.031915610273806
2020-06-12,Republican,1139.5384615384614,178.76912849775502,11.510989010989011,1.8925323359715753,26468.19230769231,4598.766034423015,403.5714285714285,67.44417464565953
2020-06-13,Democratic,3232.6,406.9947888680864,17.965714285714284,2.477035784121398,54426.04,7001.717150223887,388.87428571428575,49.59976297954091
2020-06-13,Republican,1151.5384615384614,180.53096522532704,11.637362637362637,1.9003234911106952,26983.923076923078,4676.1130926200985,416.6153846153847,67.75148940957281
2020-06-14,Democratic,3242.0,408.26008448651135,17.417142857142856,2.3992494357672034,54789.8,7041.505772367532,386.39428571428573,48.53854524715399
2020-06-14,Republican,1156.1538461538462,181.21040652650055,11.659340659340659,1.8940150814399708,27451.53846153846,4750.741988707225,432.7362637362637,69.8560354554682
2020-06-15,Democratic,3251.12,409.9732240262027,16.285714285714285,2.244478139538247,55127.72,7087.573731435609,380.9314285714286,48.52513260456512
2020-06-15,Republican,1162.0384615384614,182.08242321759184,11.208791208791208,1.7776180743347842,27835.46153846154,4808.288179757814,446.1208791208791,70.60595336868701
2020-06-16,Democratic,3267.24,412.57427990361066,15.697142857142856,2.2177322550997585,55458.92,7131.772917773894,380.29714285714283,48.256941880473924
2020-06-16,Republican,1174.6538461538462,183.90585096072357,10.835164835164836,1.7147560372810653,28415.96153846154,4881.569438781145,481.5659340659341,73.71004432488111
2020-06-17,Democratic,3283.48,414.9185836949382,15.028571428571428,2.1719589905776213,55859.4,7180.533903460357,386.33714285714285,48.66055221502471
2020-06-17,Republican,1188.5384615384614,186.32974542937785,10.824175824175825,1.7150699503591977,28947.0,4959.062487365269,493.13736263736257,74.44763127658933
2020-06-18,Democratic,3297.84,416.84103698900503,14.034285714285716,2.047605440996283,56282.8,7227.8411227042725,389.7085714285715,48.5624954100962
2020-06-18,Republican,1201.8461538461538,188.2246791828846,10.719780219780223,1.6842911559042182,29594.26923076923,5048.795511993906,519.5989010989011,76.69845815085695
2020-06-19,Democratic,3311.36,418.9644340668158,13.434285714285714,1.9931705078127004,56762.16,7285.075050736794,401.0285714285716,48.71885981788524
2020-06-19,Republican,1214.0384615384614,190.0926173835188,10.642857142857146,1.6176412693948181,30323.884615384617,5149.738578344529,550.8131868131867,78.71036341735865
2020-06-20,Democratic,3326.32,420.6204657283348,13.388571428571431,1.9465252657497811,57243.64,7343.4196320061055,402.5142857142858,48.81464025460274
2020-06-20,Republican,1223.8461538461538,191.50954067735023,10.329670329670328,1.5683679217175999,31080.30769230769,5245.6927815808585,585.1978021978023,81.36852699439416
2020-06-21,Democratic,3333.56,421.4019124539089,13.080000000000002,1.8774039953425017,57672.24,7391.483200026892,411.77714285714285,49.99677537990849
2020-06-21,Republican,1228.1153846153845,192.1257470837748,10.280219780219783,1.5593343653248948,31715.115384615383,5327.525468764701,609.0824175824175,82.39764000821104
2020-06-22,Democratic,3339.64,422.5204696139232,12.645714285714286,1.7924636553886522,58086.56,7439.09497228137,422.6914285714286,50.217320120822905
2020-06-22,Republican,1233.2692307692307,193.15990261934843,10.175824175824179,1.5824970573937924,32354.26923076923,5423.8648647219825,645.543956043956,87.93952642345265
2020-06-23,Democratic,3354.16,424.2190321653714,12.417142857142856,1.6635360373944093,58577.88,7495.779136879982,445.5657142857142,52.000888443726915
2020-06-23,Republican,1246.6153846153845,195.10264279070168,10.28021978021978,1.5995416899968733,33147.192307692305,5525.961358793875,675.8901098901098,92.05598857324709
2020-06-24,Democratic,3368.6,426.30491727032603,12.160000000000002,1.6266190821982638,59203.44,7561.438195239083,477.72,54.41489882553248
2020-06-24,Republican,1260.576923076923,197.34081291536856,10.29120879120879,1.5730096408558316,34028.03846153846,5638.577079185099,725.8626373626375,97.07351311711854
2020-06-25,Democratic,3382.64,428.09719199545987,12.114285714285716,1.6080221437792808,59748.96,7624.494116469659,495.1657142857143,56.66471339505509
2020-06-25,Republican,1271.8846153846155,198.92120843964264,10.005494505494504,1.5280756081082885,35003.46153846154,5771.549782374307,772.7417582417585,103.25061005434281
2020-06-26,Democratic,3396.08,430.04862901877607,12.102857142857141,1.583456421708608,60362.44,7701.811861662688,514.3257142857143,59.53383013227049
2020-06-26,Republican,1283.4615384615386,201.02469542158082,9.917582417582416,1.5617254340088584,36120.192307692305,5902.0963422340055,828.043956043956,107.47968055563985
2020-06-27,Democratic,3405.32,431.08738501848626,11.285714285714285,1.4952741843073412,60932.32,7767.454877341874,526.9542857142857,60.576463619395845
2020-06-27,Republican,1294.1923076923076,202.73577991093273,10.04945054945055,1.6037484619403675,37250.653846153844,6034.940098677883,881.4780219780218,112.74961672814639
2020-06-28,Democratic,3410.96,431.8419884762805,11.057142857142857,1.4914394317673996,61536.24,7845.384961636846,552.0000000000001,64.84310880142213
2020-06-28,Republican,1299.1538461538462,203.42398984171976,10.148351648351648,1.614034679706426,38275.11538461538,6154.1070454131195,937.1428571428575,118.08308237834551
2020-06-29,Democratic,3418.04,433.3458452227273,11.200000000000003,1.5464822298291534,62192.08,7924.796350304744,586.5028571428571,69.38591114619622
2020-06-29,Republican,1305.1153846153845,204.35687698405113,10.263736263736263,1.5995677663860997,39148.61538461538,6272.209781851526,970.6208791208792,121.19213101850602
2020-06-30,Democratic,3430.56,434.9428716295713,10.914285714285711,1.5319770663142742,62928.52,7997.805723689596,621.5200000000001,71.71808382994479
2020-06-30,Republican,1316.0,205.8717090982571,9.912087912087914,1.5384380439364862,40257.42307692308,6412.655545544476,1015.7472527472527,126.67059810722861
2020-07-01,Democratic,3443.92,436.58836407374577,10.76,1.4690638290599483,63663.12,8085.791954641445,637.0971428571429,74.90767991462319
2020-07-01,Republican,1330.1153846153845,207.9177211041166,9.934065934065936,1.5109868841068623,41496.769230769234,6560.9266731393745,1066.9615384615386,131.7642277077539
2020-07-02,Democratic,3457.92,438.2681786353025,10.754285714285713,1.4529980914060707,64359.04,8170.778961595526,658.5828571428573,78.04069216083845
2020-07-02,Republican,1343.3846153846155,209.7207714673509,10.214285714285719,1.5427947182440274,42894.53846153846,6728.456049165228,1127.2967032967033,136.70089525584598
2020-07-03,Democratic,3471.0,439.8038527702949,10.702857142857143,1.3936033930741132,65114.64,8278.12370838896,678.8857142857144,82.33026381803876
2020-07-03,Republican,1353.7692307692307,211.0673335167759,10.043956043956046,1.4346625850278765,44250.11538461538,6885.497850766333,1161.4175824175823,140.48592979033236
2020-07-04,Democratic,3476.48,440.53982651050114,10.165714285714285,1.3503487845735642,65813.92,8342.237086928468,697.3714285714287,82.11174422665583
2020-07-04,Republican,1360.2307692307693,212.1146966784539,9.434065934065934,1.3398452525030204,45678.307692307695,7059.828855905505,1203.9505494505495,146.41267960394617
2020-07-05,Democratic,3480.16,441.14151739946533,9.885714285714286,1.3285041318835298,66547.96,8425.333311419601,715.9600000000002,82.8497642546795
2020-07-05,Republican,1364.7307692307693,212.587383323866,9.368131868131867,1.3090562117351807,46728.653846153844,7182.024430685085,1207.6483516483518,146.84534075313792
2020-07-06,Democratic,3483.4,441.7085341489424,9.337142857142858,1.1946698466021468,67179.16,8514.019783659629,712.4399999999998,84.17477619355486
2020-07-06,Republican,1370.9615384615386,213.42763428956252,9.406593406593405,1.2958224722159217,47695.46153846154,7306.791752653038,1220.9780219780218,147.7974244002163
2020-07-07,Democratic,3500.64,443.8827808843255,10.011428571428572,1.2771298935362945,67880.56,8604.869207461394,707.4342857142857,86.72335482454264
2020-07-07,Republican,1389.8076923076924,216.24350517915323,10.543956043956042,1.4816851544137335,49006.846153846156,7458.925955306067,1249.9175824175827,149.46720139451284
2020-07-08,Democratic,3515.84,445.62813615257045,10.274285714285714,1.2913960112606742,68812.32,8701.36513437212,735.5999999999999,87.93902567581044
2020-07-08,Republican,1406.1538461538462,218.41930854091746,10.862637362637363,1.500226776685829,50499.61538461538,7631.052775170038,1286.1208791208794,152.87515743295202
2020-07-09,Democratic,3531.6,447.6755252190176,10.525714285714285,1.3439066548164726,69567.8,8792.366326971754,744.1085714285714,88.79819505374707
2020-07-09,Republican,1424.3461538461538,220.62549814870823,11.56593406593407,1.5578180973367712,52030.692307692305,7830.780837938829,1305.164835164835,157.47496982479987
2020-07-10,Democratic,3547.56,449.4939041289409,10.937142857142856,1.3842930512351614,70506.56,8920.461039228445,770.2742857142854,91.76247583421235
2020-07-10,Republican,1441.8461538461538,222.89524218314014,12.582417582417584,1.68970123805205,53680.346153846156,8027.488290496796,1347.1758241758241,163.14149139006622
2020-07-11,Democratic,3560.2,450.90085757860624,11.960000000000003,1.4801472954435964,71415.64,9030.242581914094,800.2457142857144,98.28649928366089
2020-07-11,Republican,1458.5,224.8970272944938,14.038461538461544,1.8260472308628584,55220.153846153844,8207.706558634707,1363.1208791208794,163.98252896131447
2020-07-12,Democratic,3566.4,451.4968332639956,12.320000000000002,1.479330837790036,72189.24,9114.810788264982,805.8971428571431,98.49678240648252
2020-07-12,Republican,1470.8461538461538,226.40795907081758,15.15934065934066,1.9743679638502387,56809.92307692308,8398.76139728389,1440.1813186813183,173.819566656972
2020-07-13,Democratic,3572.44,452.70884485951325,12.720000000000002,1.571472958652987,73065.32,9234.61422041964,840.8799999999999,102.9420623942876
2020-07-13,Republican,1477.6153846153845,227.1148535067499,15.236263736263737,1.9553170310267778,58201.53846153846,8561.36377069339,1500.8681318681317,179.22457400576437
2020-07-14,Democratic,3581.08,453.99235588251645,11.491428571428573,1.4442249997415635,73921.92,9344.212239235561,863.0514285714286,105.62043311059551
2020-07-14,Republican,1497.5384615384614,229.62371195170914,15.390109890109889,1.9114581103651391,59791.96153846154,8757.12371106159,1540.7307692307695,185.45682225078903
2020-07-15,Democratic,3594.24,455.6581612805137,11.199999999999998,1.432860732563321,74965.48,9466.893462433036,879.0228571428572,109.36118972298813
2020-07-15,Republican,1517.8076923076924,232.16278258896773,15.95054945054945,1.9633534354357696,61291.807692307695,8948.115799384857,1541.7417582417584,188.15186060211698
2020-07-16,Democratic,3608.2,457.34433502462497,10.942857142857143,1.381258543658174,75913.16,9586.840243322866,906.4799999999999,113.49627376444433
2020-07-16,Republican,1540.7692307692307,235.3315573975393,16.63186813186813,2.100865606975878,63101.769230769234,9187.168175847472,1581.5824175824175,193.76961970123497
2020-07-17,Democratic,3620.96,458.9918962638733,10.485714285714284,1.3568560192760482,76988.88,9730.51348907175,926.0457142857141,115.72177854904359
2020-07-17,Republican,1564.8846153846155,238.23242811958295,17.57692307692308,2.1910265623489735,65016.346153846156,9409.664389294532,1619.428571428572,197.4537283996765
2020-07-18,Democratic,3631.96,460.1379029279775,10.251428571428573,1.3195779070530076,77869.52,9827.42609250384,921.9828571428571,113.88335865567798
2020-07-18,Republican,1587.8076923076924,240.98047816622795,18.47252747252747,2.2976358388191613,66662.88461538461,9608.451774920415,1634.675824175824,200.1064594693873
2020-07-19,Democratic,3639.64,460.91057930083514,10.462857142857144,1.3448208624056657,78842.12,9949.746636838488,950.4114285714287,119.2765497962154
2020-07-19,Republican,1600.6538461538462,242.34407168753498,18.543956043956044,2.276587516673906,68199.23076923077,9803.78124010349,1627.0439560439559,200.71712040279985
2020-07-20,Democratic,3644.64,462.0155917966554,10.314285714285713,1.3295352767346111,79715.0,10077.555958994368,949.9542857142856,120.42024836781783
2020-07-20,Republican,1609.7307692307693,243.10591232006163,18.873626373626376,2.284436973330244,69535.38461538461,9981.310462869507,1619.120879120879,202.8495274537309
2020-07-21,Democratic,3656.2,463.8165348610035,10.731428571428571,1.4034541397838913,80627.36,10188.353046511533,957.9199999999998,120.59154389656707
2020-07-21,Republican,1638.5384615384614,246.8452000446048,20.142857142857142,2.4602125846993683,71086.96153846153,10182.748077288297,1613.571428571428,203.66062374667263
2020-07-22,Democratic,3672.0,466.01514018241033,11.108571428571429,1.4795684145566768,81776.24,10321.670754521834,972.9657142857142,122.11104172697117
2020-07-22,Republican,1668.1538461538462,250.71190094442815,21.47802197802198,2.649874050780058,72637.53846153847,10382.573330490732,1620.8186813186815,204.92250444369571
2020-07-23,Democratic,3685.6,467.49615716717295,11.05714285714286,1.450260306078294,82874.88,10445.771957865858,994.5314285714284,122.70453064899868
2020-07-23,Republican,1695.5384615384614,253.93113159815013,22.109890109890102,2.6570820286586923,74308.11538461539,10603.4813940698,1600.9065934065932,202.33045974604678
2020-07-24,Democratic,3703.16,471.36941945474905,11.74285714285714,1.7682175986965334,83977.24,10598.09712509422,998.3371428571429,123.94051943178152
2020-07-24,Republican,1723.7692307692307,257.18144584054266,22.697802197802197,2.7070025315656685,76121.42307692308,10840.576918259478,1586.4395604395604,204.41607556642072
2020-07-25,Democratic,3715.68,472.51956031394496,11.96,1.768808197995383,84906.88,10698.00122342391,1005.337142857143,124.3678758457242
2020-07-25,Republican,1750.6923076923076,260.524087151746,23.26923076923077,2.7919441407882926,77707.73076923077,11054.01686478771,1577.8351648351652,206.50929855247063
2020-07-26,Democratic,3722.64,473.3522527674329,11.857142857142856,1.7773819237996604,85930.32,10829.66064295036,1012.5999999999999,125.70200087312436
2020-07-26,Republican,1765.4615384615386,262.02738862667456,23.543956043956044,2.8119024198770886,79073.65384615384,11257.513434405178,1553.489010989011,207.6760277573841
2020-07-27,Democratic,3729.24,474.4920036009669,12.085714285714282,1.7823445434730407,86832.56,10964.889853978599,1016.7942857142855,126.76198499774772
2020-07-27,Republican,1799.8461538461538,264.0987697380786,27.159340659340657,2.9989796311452745,80315.11538461539,11431.774643646706,1539.9615384615386,207.20916868245706
2020-07-28,Democratic,3743.08,476.54564696853566,12.411428571428571,1.8184445867902845,87591.48,11071.091538376151,994.8742857142855,126.1054988378027
2020-07-28,Republican,1829.3461538461538,267.78397879007974,27.25824175824176,2.991254106496422,81731.76923076923,11622.29289446344,1520.686813186813,205.6492595964493
2020-07-29,Democratic,3763.84,479.2253733911962,13.119999999999997,1.88717617268368,88577.88,11202.45629982206,971.6628571428569,125.8265064714605
2020-07-29,Republican,1866.6538461538462,271.7683269967882,28.357142857142854,3.0080608646228635,83350.07692307692,11837.72702175775,1530.362637362637,207.8790987524318
2020-07-30,Democratic,3781.48,481.07915575014607,13.697142857142858,1.9404283689961699,89610.0,11327.381800363888,962.16,125.94426321400442
2020-07-30,Republican,1898.0,276.19769657139716,28.92307692307692,3.180937853320998,85009.57692307692,12059.51321808834,1528.7802197802198,208.0045462883628
2020-07-31,Democratic,3794.56,483.1239338611768,13.057142857142855,1.679216343775383,90610.6,11465.036084340496,947.6228571428571,123.84842274946769
2020-07-31,Republican,1935.6538461538462,280.11804005864474,30.26923076923077,3.2766563168717107,86644.5,12282.875126953459,1503.2967032967035,206.04260124199743
2020-08-01,Democratic,3810.24,484.2708276671965,13.508571428571429,1.6787524790359152,91353.48,11555.513655466046,920.9428571428571,122.50177600601955
2020-08-01,Republican,1966.076923076923,283.48819027632277,30.76923076923077,3.280586160653819,88221.53846153847,12493.729794536806,1501.9725274725274,205.67327567844188
2020-08-02,Democratic,3821.4,485.50225891491334,14.10857142857143,1.7357151639257764,92335.04,11678.559842165176,914.9600000000003,121.27131417354497
2020-08-02,Republican,1974.3076923076924,284.7694167825256,29.835164835164832,3.2488611651215566,89113.26923076923,12633.190209431368,1434.2307692307693,196.5252535751697
2020-08-03,Democratic,3826.88,486.5705789387858,13.948571428571427,1.725510762545577,93073.16,11787.407769256064,891.5142857142858,117.50255932535198
2020-08-03,Republican,1989.0,286.25931188473305,27.02197802197802,3.1657917352363523,90294.34615384616,12785.071448845,1425.6043956043957,193.32811502832797
2020-08-04,Democratic,3840.0,488.1001037495623,13.845714285714285,1.650636683003835,93876.2,11909.877135628056,897.8171428571429,119.82651389312943
2020-08-04,Republican,2021.3461538461538,289.8811150826697,27.428571428571427,3.156733756084286,91483.88461538461,12942.186865515125,1393.1593406593404,188.5562815788118
2020-08-05,Democratic,3858.28,490.0627654367368,13.491428571428571,1.5481988636486628,94625.48,12021.01255841839,863.9428571428573,116.93660837090438
2020-08-05,Republican,2058.230769230769,294.083948313668,27.368131868131858,3.187945902411391,92759.80769230769,13121.098376836908,1344.2472527472528,183.3387650113082
2020-08-06,Democratic,3875.88,491.9170742457707,13.485714285714288,1.5482740708035398,95399.52,12128.152456660137,827.0742857142859,114.39580804232102
2020-08-06,Republican,2088.923076923077,297.55947041678996,27.274725274725277,3.0516819779132556,94087.53846153847,13303.916243170572,1296.8516483516485,177.77186072603348
2020-08-07,Democratic,3894.32,494.4801093655427,14.251428571428571,1.622310786338006,96393.4,12260.348409759095,826.1142857142856,113.61604648837174
2020-08-07,Republican,2122.1923076923076,301.0077426569218,26.648351648351646,2.9842432283252984,95467.76923076923,13501.715422473444,1260.467032967033,174.12004221714068
2020-08-08,Democratic,3908.52,496.24994270939146,14.040000000000003,1.7113021488849929,97254.32,12367.167873030177,842.9771428571428,115.95060250916153
2020-08-08,Republican,2150.076923076923,303.8385425232367,26.28571428571428,2.907193178130553,96691.69230769231,13659.827309269536,1210.0219780219782,166.5853592475328
2020-08-09,Democratic,3917.88,497.4343017051584,13.782857142857143,1.7045775414635913,98127.72,12476.116192768675,827.5257142857142,113.9366215147857
2020-08-09,Republican,2164.576923076923,305.8413701003442,27.18131868131868,3.0102790454026684,97798.15384615384,13827.854111472589,1240.697802197802,170.66627172017476
2020-08-10,Democratic,3923.4,498.12291662965384,13.788571428571432,1.6503339558382857,98846.36,12566.096939921756,824.7428571428569,111.24131009509887
2020-08-10,Republican,2175.653846153846,307.4849852517813,26.66483516483516,3.0322390524354623,98687.92307692308,13953.172016915874,1199.0824175824175,166.87150972440992
